-- phpMyAdmin SQL Dump
-- version 5.1.1
-- https://www.phpmyadmin.net/
--
-- Host: 127.0.0.1
-- Czas generowania: 03 Cze 2022, 20:46
-- Wersja serwera: 10.4.22-MariaDB
-- Wersja PHP: 8.1.2

SET SQL_MODE = "NO_AUTO_VALUE_ON_ZERO";
START TRANSACTION;
SET time_zone = "+00:00";


/*!40101 SET @OLD_CHARACTER_SET_CLIENT=@@CHARACTER_SET_CLIENT */;
/*!40101 SET @OLD_CHARACTER_SET_RESULTS=@@CHARACTER_SET_RESULTS */;
/*!40101 SET @OLD_COLLATION_CONNECTION=@@COLLATION_CONNECTION */;
/*!40101 SET NAMES utf8mb4 */;

--
-- Baza danych: `podnoszenieciezarow`
--

CREATE DATABASE podnoszenieciezarow;
USE podnoszenieciezarow;

DELIMITER $$
--
-- Procedury
--
CREATE DEFINER=`root`@`localhost` PROCEDURE `dodajMiasto` (`miastoIN` VARCHAR(15), `krajIN` VARCHAR(3), `arenaIN` VARCHAR(30))  BEGIN	
	INSERT INTO miasto(miasto,kraj,arena) VALUES (miastoIN, krajIN, arenaIN);
END$$

CREATE DEFINER=`root`@`localhost` PROCEDURE `dodajWynik` (IN `nrProbyIN` INT(1), IN `idZawodowIN` INT(4), IN `idZawodnikaIN` INT(4), IN `ciezar` INT(3))  BEGIN 

IF idZawodowIN IN  (SELECT idZawodow FROM zawody) THEN
	IF idZawodnikaIN IN (SELECT idZawodnika FROM zawodnik) THEN
    	IF (SELECT plec FROM zawodnik WHERE idZawodnika = idZawodnikaIN) = (SELECT plec FROM kategoria_zawodow WHERE idKategorii = (SELECT idKategorii FROM zawody WHERE idZawodow = idZawodowIN)) THEN
        	IF (SELECT waga FROM zawodnik WHERE idZawodnika = idZawodnikaIN) <= (SELECT kategoria FROM kategoria_zawodow WHERE idKategorii = (SELECT idKategorii FROM zawody WHERE idZawodow = idZawodowIN)) THEN
				INSERT INTO wynik_proby(nrProby, idZawodow, idZawodnika, ciezar) VALUES(nrProbyIN, idZawodowIN, idZawodnikaIN, ciezar);
            END IF;
        END IF;
	END IF;
END IF;
END$$

CREATE DEFINER=`root`@`localhost` PROCEDURE `dodajZawodnikaKOB` (IN `imieIN` VARCHAR(15), IN `nazwiskoIN` VARCHAR(30), IN `wagaIN` INT(3), IN `wiekIN` INT(2), IN `idReprezentacjiIN` INT(4))  BEGIN
    SET @idZaw = (SELECT max(idZawodnika) + 1 from zawodnik);
    INSERT INTO zawodnik(idZawodnika, imie, nazwisko, plec, waga, wiek, idReprezentacji)
        VALUES(@idZaw, imieIN, nazwiskoIN, 'K', wagaIN, wiekIN, idReprezentacjiIN);
END$$

CREATE DEFINER=`root`@`localhost` PROCEDURE `dodajZawodnikaMAN` (IN `imieIN` VARCHAR(15), IN `nazwiskoIN` VARCHAR(30), IN `wagaIN` INT(3), IN `wiekIN` INT(2), IN `idReprezentacjiIN` INT(4))  BEGIN
	SET @idZaw = (SELECT max(idZawodnika) + 1 from zawodnik);
    INSERT INTO zawodnik(idZawodnika, imie, nazwisko, plec, waga, wiek, idReprezentacji)
    	VALUES(@idZaw, imieIN, nazwiskoIN, 'M', wagaIN, wiekIN, idReprezentacjiIN);
END$$

CREATE DEFINER=`root`@`localhost` PROCEDURE `dodajZawody` (`dataIN` DATE, `idKategoriiIN` INT(4), `idLokalizacjiIN` INT(4), `liczbaProb` INT(1))  BEGIN

SET @idZaw = (SELECT MAX(idZawodow) + 1 FROM zawody);
IF @idZaw IS NULL THEN SET @idZaw = 1;
END IF;

IF idKategoriiIN IN (SELECT idKategorii FROM kategoria_zawodow) THEN
	IF idLokalizacjiIN IN (SELECT idLokalizacji FROM lokalizacja) THEN
    	INSERT INTO zawody(idZawodow, data, idKategorii, idLokalizacji) VALUES(@idZaw, dataIN, idKategoriiIN, idLokalizacjiIN);
        
        SET @nrPr = 1;
        WHILE @nrPr <= liczbaProb DO
        	INSERT INTO proba(nrProby, idZawodow) VALUES(@nrPr, @idZaw);
            SET @nrPr = @nrPr + 1;
		END WHILE;
    END IF;
END IF;
END$$

CREATE DEFINER=`root`@`localhost` PROCEDURE `wstawKategorieZawodow` (`nazwaIN` VARCHAR(30), `kategoriaIN` INT(3), `plecIN` ENUM('M','K'))  BEGIN
	SET @idKategorii = (SELECT max(idKategorii) + 1 FROM kategoria_zawodow);
	IF @idKategorii is null THEN SET @idKategorii = 1;
	END IF;
    	INSERT INTO kategoria_zawodow(idKategorii,nazwa,kategoria,plec) VALUES(@idKategorii,nazwaIN,kategoriaIN,plecIN);
END$$

CREATE DEFINER=`root`@`localhost` PROCEDURE `wstawReprezentacje` (`krajIN` VARCHAR(3), `klubIN` VARCHAR(30), `trenerIN` VARCHAR(45))  BEGIN
	SET @idRep = (SELECT max(idReprezentacji) + 1 from reprezentacja);
	INSERT INTO reprezentacja(idReprezentacji, kraj, klub, trenerGlowny) VALUES (@idRep, krajIN, klubIN, trenerIN);
END$$

CREATE DEFINER=`root`@`localhost` PROCEDURE `wstawWynikiKoncowe` (IN `idZawodowIN` INT(4))  BEGIN
	DECLARE koniec BOOLEAN DEFAULT false;
    DECLARE miejsce INT(3);
    DECLARE idZ INT(4);
    DECLARE ciez INT(3);
    DECLARE k CURSOR FOR (SELECT ROW_NUMBER() OVER (ORDER BY `liczba` DESC) row_num, idZawodnika, liczba FROM (SELECT MAX(ciezar) as `liczba`, idZawodnika FROM wynik_proby WHERE idZawodow = idZawodowIN GROUP BY idZawodnika) as `tabela`);
     DECLARE CONTINUE HANDLER FOR NOT FOUND SET koniec = true;
     OPEN k;
 et: LOOP
     FETCH k INTO miejsce, idZ, ciez;
     IF koniec = true THEN LEAVE et; END IF;
     IF miejsce = 1 THEN
        INSERT INTO wyniki_koncowe(ciezar, idZawodnika, idZawodow, medal, miejsce) VALUES(ciez, idZ, idZawodowIN, 'zloto', miejsce);
     ELSEIF miejsce = 2 THEN
        INSERT INTO wyniki_koncowe(ciezar, idZawodnika, idZawodow, medal, miejsce) VALUES(ciez, idZ, idZawodowIN, 'srebro', miejsce);
     ELSEIF miejsce = 3 THEN
        INSERT INTO wyniki_koncowe(ciezar, idZawodnika, idZawodow, medal, miejsce) VALUES(ciez, idZ, idZawodowIN, 'braz', miejsce);
     ELSE
        INSERT INTO wyniki_koncowe(ciezar, idZawodnika, idZawodow, miejsce) VALUES(ciez, idZ, idZawodowIN, miejsce);
     END IF;
     END LOOP;
     CLOSE k;
END$$

DELIMITER ;

-- --------------------------------------------------------

--
-- Struktura tabeli dla tabeli `kategoria_zawodow`
--

CREATE TABLE `kategoria_zawodow` (
  `idKategorii` int(4) NOT NULL,
  `nazwa` varchar(30) NOT NULL,
  `kategoria` int(3) NOT NULL,
  `plec` enum('M','K') NOT NULL
) ENGINE=InnoDB DEFAULT CHARSET=utf8mb4;

--
-- Zrzut danych tabeli `kategoria_zawodow`
--

INSERT INTO `kategoria_zawodow` (`idKategorii`, `nazwa`, `kategoria`, `plec`) VALUES
(1, 'Mistrzostwa Swiata', 45, 'K'),
(2, 'Mistrzostwa Swiata', 49, 'K'),
(3, 'Mistrzostwa Swiata', 55, 'M'),
(4, 'Mistrzostwa Swiata', 61, 'K'),
(5, 'Mistrzostwa Swiata', 67, 'M'),
(6, 'Mistrzostwa Swiata', 73, 'K'),
(7, 'Mistrzostwa Swiata', 81, 'M'),
(8, 'Mistrzostwa Swiata', 89, 'K'),
(9, 'Mistrzostwa Swiata', 96, 'M'),
(10, 'Mistrzostwa Swiata', 102, 'K'),
(11, 'Mistrzostwa Swiata', 109, 'M'),
(12, 'Mistrzostwa Swiata', 120, 'M'),
(13, 'Mistrzostwa Europy', 45, 'K'),
(14, 'Mistrzostwa Europy', 49, 'K'),
(15, 'Mistrzostwa Europy', 55, 'M'),
(16, 'Mistrzostwa Europy', 61, 'K'),
(17, 'Mistrzostwa Europy', 67, 'M'),
(18, 'Mistrzostwa Europy', 73, 'K'),
(19, 'Mistrzostwa Europy', 81, 'M'),
(20, 'Mistrzostwa Europy', 89, 'K'),
(21, 'Mistrzostwa Europy', 96, 'M'),
(22, 'Mistrzostwa Europy', 102, 'K'),
(23, 'Mistrzostwa Europy', 109, 'M'),
(24, 'Mistrzostwa Europy', 120, 'M'),
(25, 'Olimpiada', 45, 'K'),
(26, 'Olimpiada', 49, 'K'),
(27, 'Olimpiada', 55, 'M'),
(28, 'Olimpiada', 61, 'K'),
(29, 'Olimpiada', 67, 'M'),
(30, 'Olimpiada', 73, 'K'),
(31, 'Olimpiada', 81, 'M'),
(32, 'Olimpiada', 89, 'K'),
(33, 'Olimpiada', 96, 'M'),
(34, 'Olimpiada', 102, 'K'),
(35, 'Olimpiada', 109, 'M'),
(36, 'Olimpiada', 120, 'M');

-- --------------------------------------------------------

--
-- Struktura tabeli dla tabeli `lokalizacja`
--

CREATE TABLE `lokalizacja` (
  `idLokalizacji` int(4) NOT NULL,
  `miasto` varchar(15) NOT NULL
) ENGINE=InnoDB DEFAULT CHARSET=utf8mb4;

--
-- Zrzut danych tabeli `lokalizacja`
--

INSERT INTO `lokalizacja` (`idLokalizacji`, `miasto`) VALUES
(4, 'Antwerpii'),
(7, 'Berlin'),
(14, 'Genua'),
(8, 'Helsinki'),
(15, 'Innsbruck'),
(6, 'Katowice'),
(1, 'Krakow'),
(13, 'Maastricht'),
(5, 'Madryt'),
(3, 'Opava'),
(9, 'Paryz'),
(10, 'Pekin'),
(2, 'Sydney'),
(12, 'Tokio'),
(11, 'Walencja');

-- --------------------------------------------------------

--
-- Struktura tabeli dla tabeli `miasto`
--

CREATE TABLE `miasto` (
  `miasto` varchar(15) NOT NULL,
  `kraj` varchar(3) NOT NULL,
  `arena` varchar(30) NOT NULL
) ENGINE=InnoDB DEFAULT CHARSET=utf8mb4;

--
-- Zrzut danych tabeli `miasto`
--

INSERT INTO `miasto` (`miasto`, `kraj`, `arena`) VALUES
('Antwerpii', 'BEL', 'Lotto Arena'),
('Berlin', 'GER', 'Deutschlandhalle'),
('Genua', 'ITA', 'Palasport di Genova'),
('Helsinki', 'FIN', 'Helsinki Halli'),
('Innsbruck', 'AUT', 'Olympiahalle w Innsbrucku'),
('Katowice', 'POL', 'Spodek'),
('Krakow', 'POL', 'Tauron Arena'),
('Maastricht', 'NED', 'MECC Maastricht'),
('Madryt', 'ESP', 'Madrid Arena'),
('Opava', 'CZE', 'Hala Opava'),
('Paryz', 'FRA', 'Stade Pierre de Coubertin'),
('Pekin', 'CHN', 'Cadillac Arena'),
('Sydney', 'AUS', 'Sydney Entertainment Centre'),
('Tokio', 'JPN', 'Tokyo Dome'),
('Walencja', 'ESP', 'Luis Puig Palace');

--
-- Wyzwalacze `miasto`
--
DELIMITER $$
CREATE TRIGGER `dodajLokalizacje` AFTER INSERT ON `miasto` FOR EACH ROW BEGIN
	SET @idLok = (SELECT MAX(idLokalizacji) + 1 from lokalizacja);
    IF @idLok is null THEN SET @idLok = 1;
    END IF;
    SET @miasto = new.miasto;
	INSERT INTO lokalizacja(idLokalizacji, miasto) VALUES (@idLok, @miasto);
    
END
$$
DELIMITER ;

-- --------------------------------------------------------

--
-- Struktura tabeli dla tabeli `proba`
--

CREATE TABLE `proba` (
  `nrProby` int(1) NOT NULL,
  `idZawodow` int(4) NOT NULL
) ENGINE=InnoDB DEFAULT CHARSET=utf8mb4;

--
-- Zrzut danych tabeli `proba`
--

INSERT INTO `proba` (`nrProby`, `idZawodow`) VALUES
(1, 1),
(1, 2),
(1, 3),
(1, 4),
(1, 5),
(1, 6),
(1, 7),
(1, 8),
(1, 9),
(1, 10),
(1, 11),
(1, 12),
(1, 13),
(1, 14),
(1, 15),
(2, 1),
(2, 2),
(2, 3),
(2, 4),
(2, 5),
(2, 6),
(2, 7),
(2, 8),
(2, 9),
(2, 10),
(2, 11),
(2, 12),
(2, 13),
(2, 14),
(2, 15),
(3, 1),
(3, 2),
(3, 3),
(3, 4),
(3, 5),
(3, 6),
(3, 7),
(3, 8),
(3, 9),
(3, 10),
(3, 11),
(3, 12),
(3, 13),
(3, 14),
(3, 15),
(4, 3),
(4, 7),
(4, 8),
(4, 10),
(4, 12),
(4, 13),
(5, 3),
(5, 7),
(5, 12);

-- --------------------------------------------------------

--
-- Struktura tabeli dla tabeli `reprezentacja`
--

CREATE TABLE `reprezentacja` (
  `idReprezentacji` int(4) NOT NULL,
  `kraj` varchar(3) NOT NULL,
  `klub` varchar(30) NOT NULL,
  `trenerGlowny` varchar(45) DEFAULT NULL
) ENGINE=InnoDB DEFAULT CHARSET=utf8mb4;

--
-- Zrzut danych tabeli `reprezentacja`
--

INSERT INTO `reprezentacja` (`idReprezentacji`, `kraj`, `klub`, `trenerGlowny`) VALUES
(1111, 'POL', 'Lech Poznan', 'Kamil Mazurek'),
(1112, 'AUS', 'Rakow Czestochowa', 'Konrad Blicharz'),
(1113, 'AUT', 'Pogon Szczecin', 'Kasia Filiciak'),
(1114, 'BEL', 'Lechia Gdansk', 'Bartlomiej Aksman'),
(1115, 'ESP', 'Piast Gliwice', 'Krystian Kudyba'),
(1116, 'CHN', 'Wisla Plock', 'Aleksandra Holowinska'),
(1117, 'FRA', 'Radomiak Radom', 'Lukasz Kaczynski'),
(1118, 'GER', 'Slask Wroclaw', 'Kamila Kopera'),
(1119, 'FIN', 'Legia Warszawa', 'Marek Dyndowski');

-- --------------------------------------------------------

--
-- Struktura tabeli dla tabeli `wyniki_koncowe`
--

CREATE TABLE `wyniki_koncowe` (
  `idZawodow` int(4) NOT NULL,
  `idZawodnika` int(4) NOT NULL,
  `ciezar` int(3) NOT NULL,
  `miejsce` int(3) NOT NULL,
  `medal` enum('zloto','srebro','braz') DEFAULT NULL
) ENGINE=InnoDB DEFAULT CHARSET=utf8mb4;

--
-- Zrzut danych tabeli `wyniki_koncowe`
--

INSERT INTO `wyniki_koncowe` (`idZawodow`, `idZawodnika`, `ciezar`, `miejsce`, `medal`) VALUES
(1, 1, 434, 4, NULL),
(1, 2, 392, 17, NULL),
(1, 3, 422, 9, NULL),
(1, 4, 390, 18, NULL),
(1, 5, 381, 20, NULL),
(1, 6, 429, 5, NULL),
(1, 7, 416, 11, NULL),
(1, 8, 382, 19, NULL),
(1, 9, 437, 3, 'braz'),
(1, 10, 429, 6, NULL),
(1, 11, 429, 7, NULL),
(1, 12, 413, 12, NULL),
(1, 13, 437, 2, 'srebro'),
(1, 14, 407, 13, NULL),
(1, 15, 438, 1, 'zloto'),
(1, 16, 402, 14, NULL),
(1, 17, 426, 8, NULL),
(1, 18, 399, 15, NULL),
(1, 19, 394, 16, NULL),
(1, 20, 417, 10, NULL),
(2, 3, 437, 8, NULL),
(2, 4, 450, 4, NULL),
(2, 5, 452, 2, 'srebro'),
(2, 6, 379, 15, NULL),
(2, 7, 404, 11, NULL),
(2, 8, 400, 13, NULL),
(2, 9, 449, 5, NULL),
(2, 10, 411, 10, NULL),
(2, 11, 390, 14, NULL),
(2, 12, 441, 7, NULL),
(2, 13, 451, 3, 'braz'),
(2, 14, 446, 6, NULL),
(2, 15, 430, 9, NULL),
(2, 16, 403, 12, NULL),
(2, 17, 456, 1, 'zloto'),
(3, 1, 443, 15, NULL),
(3, 2, 465, 5, NULL),
(3, 3, 462, 8, NULL),
(3, 4, 460, 10, NULL),
(3, 5, 420, 22, NULL),
(3, 6, 423, 21, NULL),
(3, 7, 432, 19, NULL),
(3, 8, 405, 23, NULL),
(3, 9, 457, 13, NULL),
(3, 10, 460, 11, NULL),
(3, 11, 403, 24, NULL),
(3, 12, 432, 17, NULL),
(3, 13, 390, 25, NULL),
(3, 14, 470, 1, 'zloto'),
(3, 15, 432, 18, NULL),
(3, 16, 462, 9, NULL),
(3, 17, 438, 16, NULL),
(3, 18, 467, 4, NULL),
(3, 19, 463, 7, NULL),
(3, 20, 465, 6, NULL),
(3, 21, 428, 20, NULL),
(3, 22, 459, 12, NULL),
(3, 23, 468, 2, 'srebro'),
(3, 24, 456, 14, NULL),
(3, 25, 468, 3, 'braz'),
(4, 4, 477, 2, 'srebro'),
(4, 5, 456, 15, NULL),
(4, 6, 460, 9, NULL),
(4, 7, 459, 13, NULL),
(4, 8, 424, 20, NULL),
(4, 9, 460, 10, NULL),
(4, 10, 469, 7, NULL),
(4, 11, 457, 14, NULL),
(4, 12, 445, 18, NULL),
(4, 13, 455, 17, NULL),
(4, 14, 468, 8, NULL),
(4, 15, 433, 19, NULL),
(4, 16, 469, 6, NULL),
(4, 17, 456, 16, NULL),
(4, 18, 475, 3, 'braz'),
(4, 19, 419, 21, NULL),
(4, 20, 471, 4, NULL),
(4, 21, 460, 11, NULL),
(4, 22, 479, 1, 'zloto'),
(4, 23, 460, 12, NULL),
(4, 24, 470, 5, NULL),
(5, 52, 330, 9, NULL),
(5, 53, 298, 20, NULL),
(5, 54, 301, 19, NULL),
(5, 55, 332, 7, NULL),
(5, 56, 316, 13, NULL),
(5, 57, 332, 8, NULL),
(5, 58, 319, 12, NULL),
(5, 59, 325, 10, NULL),
(5, 60, 315, 14, NULL),
(5, 61, 346, 4, NULL),
(5, 62, 339, 5, NULL),
(5, 63, 324, 11, NULL),
(5, 64, 297, 21, NULL),
(5, 65, 304, 17, NULL),
(5, 66, 336, 6, NULL),
(5, 67, 355, 2, 'srebro'),
(5, 68, 302, 18, NULL),
(5, 69, 310, 16, NULL),
(5, 70, 311, 15, NULL),
(5, 71, 356, 1, 'zloto'),
(5, 72, 353, 3, 'braz'),
(6, 1, 345, 22, NULL),
(6, 2, 349, 17, NULL),
(6, 4, 345, 23, NULL),
(6, 5, 356, 6, NULL),
(6, 6, 318, 40, NULL),
(6, 8, 345, 24, NULL),
(6, 9, 328, 32, NULL),
(6, 10, 352, 15, NULL),
(6, 12, 328, 34, NULL),
(6, 13, 358, 4, NULL),
(6, 15, 355, 11, NULL),
(6, 17, 355, 9, NULL),
(6, 18, 300, 43, NULL),
(6, 19, 358, 3, 'braz'),
(6, 20, 337, 28, NULL),
(6, 21, 325, 38, NULL),
(6, 22, 354, 12, NULL),
(6, 23, 324, 39, NULL),
(6, 24, 315, 41, NULL),
(6, 25, 334, 29, NULL),
(6, 26, 346, 21, NULL),
(6, 28, 341, 27, NULL),
(6, 29, 326, 36, NULL),
(6, 30, 355, 10, NULL),
(6, 31, 350, 16, NULL),
(6, 32, 349, 18, NULL),
(6, 33, 357, 5, NULL),
(6, 34, 345, 25, NULL),
(6, 35, 328, 33, NULL),
(6, 36, 353, 14, NULL),
(6, 37, 354, 13, NULL),
(6, 39, 328, 35, NULL),
(6, 40, 325, 37, NULL),
(6, 41, 359, 1, 'zloto'),
(6, 42, 332, 30, NULL),
(6, 43, 346, 20, NULL),
(6, 44, 356, 7, NULL),
(6, 45, 349, 19, NULL),
(6, 46, 332, 31, NULL),
(6, 47, 311, 42, NULL),
(6, 48, 343, 26, NULL),
(6, 50, 359, 2, 'srebro'),
(6, 51, 356, 8, NULL),
(7, 1, 313, 34, NULL),
(7, 2, 356, 7, NULL),
(7, 4, 337, 24, NULL),
(7, 5, 331, 27, NULL),
(7, 6, 357, 5, NULL),
(7, 8, 338, 23, NULL),
(7, 9, 356, 9, NULL),
(7, 10, 350, 17, NULL),
(7, 12, 358, 4, NULL),
(7, 13, 329, 30, NULL),
(7, 15, 357, 6, NULL),
(7, 17, 354, 12, NULL),
(7, 18, 352, 13, NULL),
(7, 19, 323, 32, NULL),
(7, 20, 356, 8, NULL),
(7, 22, 358, 3, 'braz'),
(7, 23, 352, 14, NULL),
(7, 25, 355, 11, NULL),
(7, 26, 359, 2, 'srebro'),
(7, 28, 356, 10, NULL),
(7, 29, 349, 19, NULL),
(7, 32, 359, 1, 'zloto'),
(7, 34, 327, 31, NULL),
(7, 36, 331, 26, NULL),
(7, 37, 349, 18, NULL),
(7, 40, 350, 16, NULL),
(7, 42, 347, 21, NULL),
(7, 43, 330, 28, NULL),
(7, 44, 348, 20, NULL),
(7, 45, 330, 29, NULL),
(7, 46, 352, 15, NULL),
(7, 47, 333, 25, NULL),
(7, 48, 343, 22, NULL),
(7, 51, 315, 33, NULL),
(8, 52, 338, 7, NULL),
(8, 53, 316, 9, NULL),
(8, 55, 358, 1, 'zloto'),
(8, 61, 351, 6, NULL),
(8, 62, 333, 8, NULL),
(8, 65, 356, 3, 'braz'),
(8, 66, 358, 2, 'srebro'),
(8, 68, 352, 5, NULL),
(8, 75, 353, 4, NULL),
(8, 76, 316, 10, NULL),
(9, 52, 345, 3, 'braz'),
(9, 53, 317, 5, NULL),
(9, 61, 343, 4, NULL),
(9, 62, 350, 2, 'srebro'),
(9, 68, 358, 1, 'zloto'),
(10, 1, 344, 26, NULL),
(10, 2, 345, 25, NULL),
(10, 4, 354, 9, NULL),
(10, 5, 357, 6, NULL),
(10, 6, 342, 29, NULL),
(10, 8, 312, 40, NULL),
(10, 9, 351, 18, NULL),
(10, 10, 348, 22, NULL),
(10, 12, 340, 30, NULL),
(10, 13, 347, 23, NULL),
(10, 15, 334, 34, NULL),
(10, 17, 304, 42, NULL),
(10, 18, 352, 14, NULL),
(10, 19, 351, 17, NULL),
(10, 20, 350, 20, NULL),
(10, 21, 352, 15, NULL),
(10, 22, 337, 31, NULL),
(10, 23, 336, 33, NULL),
(10, 24, 294, 43, NULL),
(10, 25, 355, 8, NULL),
(10, 26, 352, 16, NULL),
(10, 28, 320, 37, NULL),
(10, 29, 353, 13, NULL),
(10, 30, 342, 28, NULL),
(10, 31, 319, 38, NULL),
(10, 32, 359, 1, 'zloto'),
(10, 33, 354, 10, NULL),
(10, 34, 354, 11, NULL),
(10, 35, 349, 21, NULL),
(10, 36, 321, 36, NULL),
(10, 37, 356, 7, NULL),
(10, 39, 354, 12, NULL),
(10, 40, 316, 39, NULL),
(10, 41, 350, 19, NULL),
(10, 42, 343, 27, NULL),
(10, 43, 358, 3, 'braz'),
(10, 44, 358, 4, NULL),
(10, 45, 346, 24, NULL),
(10, 46, 337, 32, NULL),
(10, 47, 306, 41, NULL),
(10, 48, 358, 5, NULL),
(10, 50, 359, 2, 'srebro'),
(10, 51, 325, 35, NULL),
(11, 52, 319, 25, NULL),
(11, 53, 355, 13, NULL),
(11, 54, 356, 9, NULL),
(11, 55, 338, 20, NULL),
(11, 56, 356, 11, NULL),
(11, 57, 334, 21, NULL),
(11, 59, 359, 2, 'srebro'),
(11, 60, 359, 3, 'braz'),
(11, 61, 357, 7, NULL),
(11, 62, 330, 22, NULL),
(11, 63, 359, 5, NULL),
(11, 64, 354, 14, NULL),
(11, 65, 359, 1, 'zloto'),
(11, 66, 340, 19, NULL),
(11, 67, 322, 24, NULL),
(11, 68, 356, 12, NULL),
(11, 70, 357, 6, NULL),
(11, 72, 349, 15, NULL),
(11, 74, 359, 4, NULL),
(11, 75, 308, 26, NULL),
(11, 76, 324, 23, NULL),
(11, 77, 342, 17, NULL),
(11, 78, 344, 16, NULL),
(11, 79, 356, 8, NULL),
(11, 80, 356, 10, NULL),
(11, 81, 342, 18, NULL),
(12, 52, 340, 18, NULL),
(12, 53, 342, 16, NULL),
(12, 54, 356, 8, NULL),
(12, 55, 343, 14, NULL),
(12, 56, 343, 15, NULL),
(12, 57, 336, 20, NULL),
(12, 59, 349, 12, NULL),
(12, 60, 330, 24, NULL),
(12, 61, 333, 21, NULL),
(12, 62, 358, 6, NULL),
(12, 63, 353, 11, NULL),
(12, 64, 359, 1, 'zloto'),
(12, 65, 358, 3, 'braz'),
(12, 66, 359, 2, 'srebro'),
(12, 67, 329, 25, NULL),
(12, 68, 341, 17, NULL),
(12, 70, 329, 26, NULL),
(12, 72, 358, 4, NULL),
(12, 74, 358, 5, NULL),
(12, 75, 332, 22, NULL),
(12, 76, 353, 10, NULL),
(12, 77, 355, 9, NULL),
(12, 78, 344, 13, NULL),
(12, 79, 339, 19, NULL),
(12, 80, 330, 23, NULL),
(12, 81, 357, 7, NULL),
(13, 52, 351, 9, NULL),
(13, 53, 359, 1, 'zloto'),
(13, 54, 358, 4, NULL),
(13, 55, 345, 12, NULL),
(13, 56, 333, 20, NULL),
(13, 57, 352, 8, NULL),
(13, 59, 348, 10, NULL),
(13, 60, 357, 5, NULL),
(13, 61, 342, 15, NULL),
(13, 62, 355, 7, NULL),
(13, 63, 327, 23, NULL),
(13, 64, 358, 3, 'braz'),
(13, 65, 344, 14, NULL),
(13, 66, 339, 16, NULL),
(13, 67, 321, 26, NULL),
(13, 68, 336, 18, NULL),
(13, 70, 356, 6, NULL),
(13, 72, 324, 24, NULL),
(13, 74, 329, 22, NULL),
(13, 75, 359, 2, 'srebro'),
(13, 76, 332, 21, NULL),
(13, 77, 344, 13, NULL),
(13, 78, 336, 17, NULL),
(13, 79, 322, 25, NULL),
(13, 80, 345, 11, NULL),
(13, 81, 333, 19, NULL),
(14, 8, 351, 3, 'braz'),
(14, 10, 356, 1, 'zloto'),
(14, 12, 303, 7, NULL),
(14, 28, 315, 6, NULL),
(14, 32, 337, 4, NULL),
(14, 36, 336, 5, NULL),
(14, 45, 356, 2, 'srebro'),
(15, 52, 315, 5, NULL),
(15, 53, 344, 2, 'srebro'),
(15, 61, 342, 3, 'braz'),
(15, 62, 352, 1, 'zloto'),
(15, 68, 338, 4, NULL);

-- --------------------------------------------------------

--
-- Struktura tabeli dla tabeli `wynik_proby`
--

CREATE TABLE `wynik_proby` (
  `nrProby` int(1) NOT NULL,
  `idZawodow` int(4) NOT NULL,
  `idZawodnika` int(4) NOT NULL,
  `ciezar` int(3) NOT NULL
) ENGINE=InnoDB DEFAULT CHARSET=utf8mb4;

--
-- Zrzut danych tabeli `wynik_proby`
--

INSERT INTO `wynik_proby` (`nrProby`, `idZawodow`, `idZawodnika`, `ciezar`) VALUES
(1, 1, 1, 342),
(1, 1, 2, 392),
(1, 1, 3, 369),
(1, 1, 4, 356),
(1, 1, 5, 329),
(1, 1, 6, 388),
(1, 1, 7, 416),
(1, 1, 8, 348),
(1, 1, 9, 416),
(1, 1, 10, 414),
(1, 1, 11, 420),
(1, 1, 12, 390),
(1, 1, 13, 406),
(1, 1, 14, 325),
(1, 1, 15, 438),
(1, 1, 16, 355),
(1, 1, 17, 351),
(1, 1, 18, 399),
(1, 1, 19, 341),
(1, 1, 20, 380),
(1, 2, 3, 437),
(1, 2, 4, 419),
(1, 2, 5, 324),
(1, 2, 6, 331),
(1, 2, 7, 355),
(1, 2, 8, 400),
(1, 2, 9, 449),
(1, 2, 10, 411),
(1, 2, 11, 353),
(1, 2, 12, 441),
(1, 2, 13, 374),
(1, 2, 14, 441),
(1, 2, 15, 347),
(1, 2, 16, 377),
(1, 2, 17, 439),
(1, 3, 1, 389),
(1, 3, 2, 465),
(1, 3, 3, 411),
(1, 3, 4, 460),
(1, 3, 5, 342),
(1, 3, 6, 414),
(1, 3, 7, 341),
(1, 3, 8, 405),
(1, 3, 9, 335),
(1, 3, 10, 323),
(1, 3, 11, 317),
(1, 3, 12, 355),
(1, 3, 13, 322),
(1, 3, 14, 367),
(1, 3, 15, 321),
(1, 3, 16, 405),
(1, 3, 17, 312),
(1, 3, 18, 342),
(1, 3, 19, 438),
(1, 3, 20, 441),
(1, 3, 21, 342),
(1, 3, 22, 362),
(1, 3, 23, 359),
(1, 3, 24, 374),
(1, 3, 25, 379),
(1, 4, 4, 449),
(1, 4, 5, 378),
(1, 4, 6, 404),
(1, 4, 7, 459),
(1, 4, 8, 374),
(1, 4, 9, 419),
(1, 4, 10, 378),
(1, 4, 11, 419),
(1, 4, 12, 445),
(1, 4, 13, 429),
(1, 4, 14, 446),
(1, 4, 15, 410),
(1, 4, 16, 409),
(1, 4, 17, 412),
(1, 4, 18, 397),
(1, 4, 19, 386),
(1, 4, 20, 417),
(1, 4, 21, 382),
(1, 4, 22, 415),
(1, 4, 23, 435),
(1, 4, 24, 420),
(1, 5, 52, 258),
(1, 5, 53, 290),
(1, 5, 54, 288),
(1, 5, 55, 264),
(1, 5, 56, 302),
(1, 5, 57, 273),
(1, 5, 58, 319),
(1, 5, 59, 325),
(1, 5, 60, 313),
(1, 5, 61, 272),
(1, 5, 62, 294),
(1, 5, 63, 324),
(1, 5, 64, 284),
(1, 5, 65, 270),
(1, 5, 66, 329),
(1, 5, 67, 290),
(1, 5, 68, 256),
(1, 5, 69, 282),
(1, 5, 70, 311),
(1, 5, 71, 290),
(1, 5, 72, 290),
(1, 6, 1, 342),
(1, 6, 2, 290),
(1, 6, 4, 322),
(1, 6, 5, 331),
(1, 6, 6, 318),
(1, 6, 8, 345),
(1, 6, 9, 321),
(1, 6, 10, 317),
(1, 6, 12, 291),
(1, 6, 13, 301),
(1, 6, 15, 292),
(1, 6, 17, 355),
(1, 6, 18, 298),
(1, 6, 19, 295),
(1, 6, 20, 283),
(1, 6, 21, 304),
(1, 6, 22, 354),
(1, 6, 23, 302),
(1, 6, 24, 315),
(1, 6, 25, 292),
(1, 6, 26, 291),
(1, 6, 28, 325),
(1, 6, 29, 295),
(1, 6, 30, 339),
(1, 6, 31, 327),
(1, 6, 32, 305),
(1, 6, 33, 300),
(1, 6, 34, 345),
(1, 6, 35, 328),
(1, 6, 36, 306),
(1, 6, 37, 354),
(1, 6, 39, 301),
(1, 6, 40, 299),
(1, 6, 41, 359),
(1, 6, 42, 281),
(1, 6, 43, 335),
(1, 6, 44, 335),
(1, 6, 45, 296),
(1, 6, 46, 280),
(1, 6, 47, 304),
(1, 6, 48, 293),
(1, 6, 50, 346),
(1, 6, 51, 356),
(1, 7, 1, 313),
(1, 7, 2, 308),
(1, 7, 4, 283),
(1, 7, 5, 314),
(1, 7, 6, 350),
(1, 7, 8, 307),
(1, 7, 9, 339),
(1, 7, 10, 350),
(1, 7, 12, 356),
(1, 7, 13, 310),
(1, 7, 15, 283),
(1, 7, 17, 326),
(1, 7, 18, 316),
(1, 7, 19, 318),
(1, 7, 20, 338),
(1, 7, 22, 358),
(1, 7, 23, 329),
(1, 7, 25, 340),
(1, 7, 26, 305),
(1, 7, 28, 356),
(1, 7, 29, 324),
(1, 7, 32, 357),
(1, 7, 34, 293),
(1, 7, 36, 327),
(1, 7, 37, 280),
(1, 7, 40, 303),
(1, 7, 42, 317),
(1, 7, 43, 302),
(1, 7, 44, 319),
(1, 7, 45, 326),
(1, 7, 46, 339),
(1, 7, 47, 304),
(1, 7, 48, 303),
(1, 7, 51, 315),
(1, 8, 52, 338),
(1, 8, 53, 290),
(1, 8, 55, 355),
(1, 8, 61, 313),
(1, 8, 62, 309),
(1, 8, 65, 356),
(1, 8, 66, 297),
(1, 8, 68, 352),
(1, 8, 75, 330),
(1, 8, 76, 306),
(1, 9, 52, 345),
(1, 9, 53, 283),
(1, 9, 61, 310),
(1, 9, 62, 338),
(1, 9, 68, 358),
(1, 10, 1, 297),
(1, 10, 2, 345),
(1, 10, 4, 327),
(1, 10, 5, 357),
(1, 10, 6, 305),
(1, 10, 8, 312),
(1, 10, 9, 344),
(1, 10, 10, 343),
(1, 10, 12, 340),
(1, 10, 13, 330),
(1, 10, 15, 324),
(1, 10, 17, 292),
(1, 10, 18, 295),
(1, 10, 19, 320),
(1, 10, 20, 350),
(1, 10, 21, 300),
(1, 10, 22, 282),
(1, 10, 23, 336),
(1, 10, 24, 281),
(1, 10, 25, 284),
(1, 10, 26, 352),
(1, 10, 28, 284),
(1, 10, 29, 353),
(1, 10, 30, 309),
(1, 10, 31, 319),
(1, 10, 32, 283),
(1, 10, 33, 351),
(1, 10, 34, 354),
(1, 10, 35, 286),
(1, 10, 36, 303),
(1, 10, 37, 306),
(1, 10, 39, 292),
(1, 10, 40, 305),
(1, 10, 41, 287),
(1, 10, 42, 343),
(1, 10, 43, 303),
(1, 10, 44, 321),
(1, 10, 45, 313),
(1, 10, 46, 292),
(1, 10, 47, 294),
(1, 10, 48, 339),
(1, 10, 50, 324),
(1, 10, 51, 297),
(1, 11, 52, 285),
(1, 11, 53, 304),
(1, 11, 54, 314),
(1, 11, 55, 322),
(1, 11, 56, 356),
(1, 11, 57, 294),
(1, 11, 59, 335),
(1, 11, 60, 327),
(1, 11, 61, 337),
(1, 11, 62, 295),
(1, 11, 63, 359),
(1, 11, 64, 312),
(1, 11, 65, 359),
(1, 11, 66, 309),
(1, 11, 67, 322),
(1, 11, 68, 356),
(1, 11, 70, 315),
(1, 11, 72, 337),
(1, 11, 74, 312),
(1, 11, 75, 308),
(1, 11, 76, 324),
(1, 11, 77, 342),
(1, 11, 78, 314),
(1, 11, 79, 292),
(1, 11, 80, 333),
(1, 11, 81, 342),
(1, 12, 52, 301),
(1, 12, 53, 342),
(1, 12, 54, 328),
(1, 12, 55, 301),
(1, 12, 56, 294),
(1, 12, 57, 298),
(1, 12, 59, 297),
(1, 12, 60, 330),
(1, 12, 61, 304),
(1, 12, 62, 358),
(1, 12, 63, 323),
(1, 12, 64, 359),
(1, 12, 65, 307),
(1, 12, 66, 281),
(1, 12, 67, 316),
(1, 12, 68, 330),
(1, 12, 70, 295),
(1, 12, 72, 313),
(1, 12, 74, 356),
(1, 12, 75, 301),
(1, 12, 76, 348),
(1, 12, 77, 355),
(1, 12, 78, 295),
(1, 12, 79, 336),
(1, 12, 80, 297),
(1, 12, 81, 357),
(1, 13, 52, 350),
(1, 13, 53, 323),
(1, 13, 54, 291),
(1, 13, 55, 293),
(1, 13, 56, 303),
(1, 13, 57, 286),
(1, 13, 59, 294),
(1, 13, 60, 291),
(1, 13, 61, 342),
(1, 13, 62, 296),
(1, 13, 63, 320),
(1, 13, 64, 300),
(1, 13, 65, 327),
(1, 13, 66, 339),
(1, 13, 67, 293),
(1, 13, 68, 336),
(1, 13, 70, 325),
(1, 13, 72, 324),
(1, 13, 74, 305),
(1, 13, 75, 359),
(1, 13, 76, 327),
(1, 13, 77, 343),
(1, 13, 78, 306),
(1, 13, 79, 298),
(1, 13, 80, 345),
(1, 13, 81, 301),
(1, 14, 8, 348),
(1, 14, 10, 356),
(1, 14, 12, 291),
(1, 14, 28, 315),
(1, 14, 32, 329),
(1, 14, 36, 329),
(1, 14, 45, 318),
(1, 15, 52, 311),
(1, 15, 53, 344),
(1, 15, 61, 342),
(1, 15, 62, 341),
(1, 15, 68, 306),
(2, 1, 1, 331),
(2, 1, 2, 391),
(2, 1, 3, 422),
(2, 1, 4, 361),
(2, 1, 5, 381),
(2, 1, 6, 429),
(2, 1, 7, 379),
(2, 1, 8, 382),
(2, 1, 9, 403),
(2, 1, 10, 416),
(2, 1, 11, 327),
(2, 1, 12, 358),
(2, 1, 13, 437),
(2, 1, 14, 407),
(2, 1, 15, 341),
(2, 1, 16, 402),
(2, 1, 17, 426),
(2, 1, 18, 391),
(2, 1, 19, 391),
(2, 1, 20, 417),
(2, 2, 3, 427),
(2, 2, 4, 450),
(2, 2, 5, 333),
(2, 2, 6, 331),
(2, 2, 7, 344),
(2, 2, 8, 342),
(2, 2, 9, 442),
(2, 2, 10, 337),
(2, 2, 11, 390),
(2, 2, 12, 354),
(2, 2, 13, 330),
(2, 2, 14, 439),
(2, 2, 15, 430),
(2, 2, 16, 403),
(2, 2, 17, 415),
(2, 3, 1, 363),
(2, 3, 2, 312),
(2, 3, 3, 312),
(2, 3, 4, 371),
(2, 3, 5, 334),
(2, 3, 6, 331),
(2, 3, 7, 377),
(2, 3, 8, 329),
(2, 3, 9, 457),
(2, 3, 10, 460),
(2, 3, 11, 360),
(2, 3, 12, 386),
(2, 3, 13, 390),
(2, 3, 14, 335),
(2, 3, 15, 319),
(2, 3, 16, 462),
(2, 3, 17, 346),
(2, 3, 18, 401),
(2, 3, 19, 398),
(2, 3, 20, 465),
(2, 3, 21, 423),
(2, 3, 22, 371),
(2, 3, 23, 404),
(2, 3, 24, 456),
(2, 3, 25, 450),
(2, 4, 4, 371),
(2, 4, 5, 456),
(2, 4, 6, 460),
(2, 4, 7, 419),
(2, 4, 8, 419),
(2, 4, 9, 460),
(2, 4, 10, 455),
(2, 4, 11, 457),
(2, 4, 12, 434),
(2, 4, 13, 433),
(2, 4, 14, 468),
(2, 4, 15, 433),
(2, 4, 16, 413),
(2, 4, 17, 406),
(2, 4, 18, 411),
(2, 4, 19, 405),
(2, 4, 20, 420),
(2, 4, 21, 450),
(2, 4, 22, 447),
(2, 4, 23, 412),
(2, 4, 24, 377),
(2, 5, 52, 318),
(2, 5, 53, 287),
(2, 5, 54, 259),
(2, 5, 55, 282),
(2, 5, 56, 258),
(2, 5, 57, 286),
(2, 5, 58, 294),
(2, 5, 59, 250),
(2, 5, 60, 315),
(2, 5, 61, 314),
(2, 5, 62, 277),
(2, 5, 63, 254),
(2, 5, 64, 259),
(2, 5, 65, 304),
(2, 5, 66, 292),
(2, 5, 67, 284),
(2, 5, 68, 260),
(2, 5, 69, 255),
(2, 5, 70, 264),
(2, 5, 71, 260),
(2, 5, 72, 274),
(2, 6, 1, 314),
(2, 6, 2, 349),
(2, 6, 4, 310),
(2, 6, 5, 302),
(2, 6, 6, 297),
(2, 6, 8, 297),
(2, 6, 9, 328),
(2, 6, 10, 352),
(2, 6, 12, 328),
(2, 6, 13, 344),
(2, 6, 15, 355),
(2, 6, 17, 303),
(2, 6, 18, 284),
(2, 6, 19, 358),
(2, 6, 20, 283),
(2, 6, 21, 293),
(2, 6, 22, 323),
(2, 6, 23, 302),
(2, 6, 24, 304),
(2, 6, 25, 329),
(2, 6, 26, 318),
(2, 6, 28, 341),
(2, 6, 29, 294),
(2, 6, 30, 355),
(2, 6, 31, 350),
(2, 6, 32, 349),
(2, 6, 33, 335),
(2, 6, 34, 311),
(2, 6, 35, 299),
(2, 6, 36, 332),
(2, 6, 37, 311),
(2, 6, 39, 328),
(2, 6, 40, 303),
(2, 6, 41, 287),
(2, 6, 42, 297),
(2, 6, 43, 294),
(2, 6, 44, 344),
(2, 6, 45, 349),
(2, 6, 46, 287),
(2, 6, 47, 296),
(2, 6, 48, 343),
(2, 6, 50, 359),
(2, 6, 51, 340),
(2, 7, 1, 297),
(2, 7, 2, 328),
(2, 7, 4, 329),
(2, 7, 5, 320),
(2, 7, 6, 357),
(2, 7, 8, 309),
(2, 7, 9, 356),
(2, 7, 10, 309),
(2, 7, 12, 358),
(2, 7, 13, 288),
(2, 7, 15, 357),
(2, 7, 17, 315),
(2, 7, 18, 352),
(2, 7, 19, 322),
(2, 7, 20, 284),
(2, 7, 22, 295),
(2, 7, 23, 289),
(2, 7, 25, 303),
(2, 7, 26, 334),
(2, 7, 28, 328),
(2, 7, 29, 292),
(2, 7, 32, 353),
(2, 7, 34, 281),
(2, 7, 36, 312),
(2, 7, 37, 309),
(2, 7, 40, 311),
(2, 7, 42, 282),
(2, 7, 43, 291),
(2, 7, 44, 317),
(2, 7, 45, 330),
(2, 7, 46, 340),
(2, 7, 47, 319),
(2, 7, 48, 343),
(2, 7, 51, 281),
(2, 8, 52, 308),
(2, 8, 53, 316),
(2, 8, 55, 358),
(2, 8, 61, 325),
(2, 8, 62, 333),
(2, 8, 65, 322),
(2, 8, 66, 314),
(2, 8, 68, 285),
(2, 8, 75, 289),
(2, 8, 76, 309),
(2, 9, 52, 285),
(2, 9, 53, 314),
(2, 9, 61, 342),
(2, 9, 62, 350),
(2, 9, 68, 348),
(2, 10, 1, 344),
(2, 10, 2, 314),
(2, 10, 4, 341),
(2, 10, 5, 315),
(2, 10, 6, 280),
(2, 10, 8, 282),
(2, 10, 9, 298),
(2, 10, 10, 338),
(2, 10, 12, 318),
(2, 10, 13, 347),
(2, 10, 15, 334),
(2, 10, 17, 287),
(2, 10, 18, 352),
(2, 10, 19, 290),
(2, 10, 20, 288),
(2, 10, 21, 352),
(2, 10, 22, 337),
(2, 10, 23, 299),
(2, 10, 24, 291),
(2, 10, 25, 291),
(2, 10, 26, 283),
(2, 10, 28, 292),
(2, 10, 29, 281),
(2, 10, 30, 342),
(2, 10, 31, 284),
(2, 10, 32, 357),
(2, 10, 33, 328),
(2, 10, 34, 342),
(2, 10, 35, 283),
(2, 10, 36, 280),
(2, 10, 37, 305),
(2, 10, 39, 322),
(2, 10, 40, 289),
(2, 10, 41, 334),
(2, 10, 42, 315),
(2, 10, 43, 323),
(2, 10, 44, 313),
(2, 10, 45, 346),
(2, 10, 46, 337),
(2, 10, 47, 281),
(2, 10, 48, 335),
(2, 10, 50, 324),
(2, 10, 51, 325),
(2, 11, 52, 311),
(2, 11, 53, 284),
(2, 11, 54, 347),
(2, 11, 55, 338),
(2, 11, 56, 340),
(2, 11, 57, 332),
(2, 11, 59, 359),
(2, 11, 60, 305),
(2, 11, 61, 357),
(2, 11, 62, 330),
(2, 11, 63, 309),
(2, 11, 64, 354),
(2, 11, 65, 282),
(2, 11, 66, 315),
(2, 11, 67, 299),
(2, 11, 68, 307),
(2, 11, 70, 357),
(2, 11, 72, 349),
(2, 11, 74, 304),
(2, 11, 75, 300),
(2, 11, 76, 288),
(2, 11, 77, 300),
(2, 11, 78, 315),
(2, 11, 79, 340),
(2, 11, 80, 320),
(2, 11, 81, 319),
(2, 12, 52, 340),
(2, 12, 53, 324),
(2, 12, 54, 356),
(2, 12, 55, 295),
(2, 12, 56, 308),
(2, 12, 57, 319),
(2, 12, 59, 284),
(2, 12, 60, 287),
(2, 12, 61, 310),
(2, 12, 62, 302),
(2, 12, 63, 352),
(2, 12, 64, 298),
(2, 12, 65, 358),
(2, 12, 66, 289),
(2, 12, 67, 329),
(2, 12, 68, 297),
(2, 12, 70, 287),
(2, 12, 72, 358),
(2, 12, 74, 291),
(2, 12, 75, 315),
(2, 12, 76, 353),
(2, 12, 77, 298),
(2, 12, 78, 282),
(2, 12, 79, 315),
(2, 12, 80, 305),
(2, 12, 81, 344),
(2, 13, 52, 341),
(2, 13, 53, 328),
(2, 13, 54, 288),
(2, 13, 55, 314),
(2, 13, 56, 328),
(2, 13, 57, 352),
(2, 13, 59, 348),
(2, 13, 60, 357),
(2, 13, 61, 312),
(2, 13, 62, 291),
(2, 13, 63, 327),
(2, 13, 64, 326),
(2, 13, 65, 298),
(2, 13, 66, 280),
(2, 13, 67, 292),
(2, 13, 68, 295),
(2, 13, 70, 356),
(2, 13, 72, 293),
(2, 13, 74, 329),
(2, 13, 75, 298),
(2, 13, 76, 321),
(2, 13, 77, 286),
(2, 13, 78, 311),
(2, 13, 79, 298),
(2, 13, 80, 291),
(2, 13, 81, 298),
(2, 14, 8, 305),
(2, 14, 10, 342),
(2, 14, 12, 299),
(2, 14, 28, 285),
(2, 14, 32, 280),
(2, 14, 36, 307),
(2, 14, 45, 319),
(2, 15, 52, 289),
(2, 15, 53, 334),
(2, 15, 61, 303),
(2, 15, 62, 310),
(2, 15, 68, 338),
(3, 1, 1, 434),
(3, 1, 2, 353),
(3, 1, 3, 352),
(3, 1, 4, 390),
(3, 1, 5, 364),
(3, 1, 6, 355),
(3, 1, 7, 345),
(3, 1, 8, 352),
(3, 1, 9, 437),
(3, 1, 10, 429),
(3, 1, 11, 429),
(3, 1, 12, 413),
(3, 1, 13, 354),
(3, 1, 14, 404),
(3, 1, 15, 368),
(3, 1, 16, 402),
(3, 1, 17, 390),
(3, 1, 18, 336),
(3, 1, 19, 394),
(3, 1, 20, 334),
(3, 2, 3, 364),
(3, 2, 4, 400),
(3, 2, 5, 452),
(3, 2, 6, 379),
(3, 2, 7, 404),
(3, 2, 8, 398),
(3, 2, 9, 429),
(3, 2, 10, 363),
(3, 2, 11, 352),
(3, 2, 12, 388),
(3, 2, 13, 451),
(3, 2, 14, 446),
(3, 2, 15, 371),
(3, 2, 16, 355),
(3, 2, 17, 456),
(3, 3, 1, 361),
(3, 3, 2, 449),
(3, 3, 3, 341),
(3, 3, 4, 449),
(3, 3, 5, 376),
(3, 3, 6, 374),
(3, 3, 7, 318),
(3, 3, 8, 391),
(3, 3, 9, 429),
(3, 3, 10, 355),
(3, 3, 11, 403),
(3, 3, 12, 428),
(3, 3, 13, 369),
(3, 3, 14, 470),
(3, 3, 15, 324),
(3, 3, 16, 429),
(3, 3, 17, 335),
(3, 3, 18, 467),
(3, 3, 19, 313),
(3, 3, 20, 337),
(3, 3, 21, 428),
(3, 3, 22, 425),
(3, 3, 23, 362),
(3, 3, 24, 312),
(3, 3, 25, 468),
(3, 4, 4, 477),
(3, 4, 5, 412),
(3, 4, 6, 454),
(3, 4, 7, 420),
(3, 4, 8, 424),
(3, 4, 9, 445),
(3, 4, 10, 469),
(3, 4, 11, 450),
(3, 4, 12, 423),
(3, 4, 13, 455),
(3, 4, 14, 442),
(3, 4, 15, 407),
(3, 4, 16, 469),
(3, 4, 17, 456),
(3, 4, 18, 475),
(3, 4, 19, 419),
(3, 4, 20, 471),
(3, 4, 21, 460),
(3, 4, 22, 479),
(3, 4, 23, 460),
(3, 4, 24, 470),
(3, 5, 52, 330),
(3, 5, 53, 298),
(3, 5, 54, 301),
(3, 5, 55, 332),
(3, 5, 56, 316),
(3, 5, 57, 332),
(3, 5, 58, 294),
(3, 5, 59, 301),
(3, 5, 60, 287),
(3, 5, 61, 346),
(3, 5, 62, 339),
(3, 5, 63, 280),
(3, 5, 64, 297),
(3, 5, 65, 302),
(3, 5, 66, 336),
(3, 5, 67, 355),
(3, 5, 68, 302),
(3, 5, 69, 310),
(3, 5, 70, 307),
(3, 5, 71, 356),
(3, 5, 72, 353),
(3, 6, 1, 345),
(3, 6, 2, 302),
(3, 6, 4, 345),
(3, 6, 5, 356),
(3, 6, 6, 286),
(3, 6, 8, 343),
(3, 6, 9, 315),
(3, 6, 10, 323),
(3, 6, 12, 300),
(3, 6, 13, 358),
(3, 6, 15, 345),
(3, 6, 17, 316),
(3, 6, 18, 300),
(3, 6, 19, 319),
(3, 6, 20, 337),
(3, 6, 21, 325),
(3, 6, 22, 291),
(3, 6, 23, 324),
(3, 6, 24, 281),
(3, 6, 25, 334),
(3, 6, 26, 346),
(3, 6, 28, 333),
(3, 6, 29, 326),
(3, 6, 30, 315),
(3, 6, 31, 298),
(3, 6, 32, 301),
(3, 6, 33, 357),
(3, 6, 34, 328),
(3, 6, 35, 327),
(3, 6, 36, 353),
(3, 6, 37, 349),
(3, 6, 39, 302),
(3, 6, 40, 325),
(3, 6, 41, 312),
(3, 6, 42, 332),
(3, 6, 43, 346),
(3, 6, 44, 356),
(3, 6, 45, 289),
(3, 6, 46, 332),
(3, 6, 47, 311),
(3, 6, 48, 319),
(3, 6, 50, 354),
(3, 6, 51, 341),
(3, 7, 1, 308),
(3, 7, 2, 336),
(3, 7, 4, 317),
(3, 7, 5, 331),
(3, 7, 6, 288),
(3, 7, 8, 303),
(3, 7, 9, 300),
(3, 7, 10, 323),
(3, 7, 12, 317),
(3, 7, 13, 289),
(3, 7, 15, 280),
(3, 7, 17, 328),
(3, 7, 18, 311),
(3, 7, 19, 283),
(3, 7, 20, 356),
(3, 7, 22, 284),
(3, 7, 23, 321),
(3, 7, 25, 355),
(3, 7, 26, 291),
(3, 7, 28, 321),
(3, 7, 29, 349),
(3, 7, 32, 359),
(3, 7, 34, 316),
(3, 7, 36, 283),
(3, 7, 37, 348),
(3, 7, 40, 324),
(3, 7, 42, 334),
(3, 7, 43, 283),
(3, 7, 44, 292),
(3, 7, 45, 297),
(3, 7, 46, 296),
(3, 7, 47, 305),
(3, 7, 48, 294),
(3, 7, 51, 295),
(3, 8, 52, 303),
(3, 8, 53, 297),
(3, 8, 55, 317),
(3, 8, 61, 351),
(3, 8, 62, 280),
(3, 8, 65, 342),
(3, 8, 66, 358),
(3, 8, 68, 334),
(3, 8, 75, 291),
(3, 8, 76, 316),
(3, 9, 52, 325),
(3, 9, 53, 317),
(3, 9, 61, 343),
(3, 9, 62, 339),
(3, 9, 68, 308),
(3, 10, 1, 296),
(3, 10, 2, 292),
(3, 10, 4, 283),
(3, 10, 5, 293),
(3, 10, 6, 287),
(3, 10, 8, 312),
(3, 10, 9, 351),
(3, 10, 10, 348),
(3, 10, 12, 322),
(3, 10, 13, 337),
(3, 10, 15, 315),
(3, 10, 17, 304),
(3, 10, 18, 310),
(3, 10, 19, 351),
(3, 10, 20, 313),
(3, 10, 21, 336),
(3, 10, 22, 289),
(3, 10, 23, 289),
(3, 10, 24, 294),
(3, 10, 25, 355),
(3, 10, 26, 303),
(3, 10, 28, 309),
(3, 10, 29, 348),
(3, 10, 30, 311),
(3, 10, 31, 302),
(3, 10, 32, 310),
(3, 10, 33, 354),
(3, 10, 34, 290),
(3, 10, 35, 322),
(3, 10, 36, 321),
(3, 10, 37, 304),
(3, 10, 39, 330),
(3, 10, 40, 316),
(3, 10, 41, 329),
(3, 10, 42, 288),
(3, 10, 43, 358),
(3, 10, 44, 358),
(3, 10, 45, 312),
(3, 10, 46, 298),
(3, 10, 47, 306),
(3, 10, 48, 291),
(3, 10, 50, 327),
(3, 10, 51, 284),
(3, 11, 52, 319),
(3, 11, 53, 355),
(3, 11, 54, 356),
(3, 11, 55, 336),
(3, 11, 56, 355),
(3, 11, 57, 334),
(3, 11, 59, 340),
(3, 11, 60, 359),
(3, 11, 61, 286),
(3, 11, 62, 315),
(3, 11, 63, 327),
(3, 11, 64, 285),
(3, 11, 65, 353),
(3, 11, 66, 340),
(3, 11, 67, 300),
(3, 11, 68, 356),
(3, 11, 70, 321),
(3, 11, 72, 338),
(3, 11, 74, 359),
(3, 11, 75, 294),
(3, 11, 76, 305),
(3, 11, 77, 321),
(3, 11, 78, 344),
(3, 11, 79, 356),
(3, 11, 80, 356),
(3, 11, 81, 294),
(3, 12, 52, 309),
(3, 12, 53, 330),
(3, 12, 54, 310),
(3, 12, 55, 298),
(3, 12, 56, 343),
(3, 12, 57, 322),
(3, 12, 59, 283),
(3, 12, 60, 291),
(3, 12, 61, 333),
(3, 12, 62, 304),
(3, 12, 63, 286),
(3, 12, 64, 316),
(3, 12, 65, 336),
(3, 12, 66, 346),
(3, 12, 67, 280),
(3, 12, 68, 341),
(3, 12, 70, 327),
(3, 12, 72, 332),
(3, 12, 74, 354),
(3, 12, 75, 332),
(3, 12, 76, 320),
(3, 12, 77, 301),
(3, 12, 78, 336),
(3, 12, 79, 339),
(3, 12, 80, 321),
(3, 12, 81, 346),
(3, 13, 52, 351),
(3, 13, 53, 338),
(3, 13, 54, 302),
(3, 13, 55, 314),
(3, 13, 56, 333),
(3, 13, 57, 324),
(3, 13, 59, 297),
(3, 13, 60, 301),
(3, 13, 61, 318),
(3, 13, 62, 321),
(3, 13, 63, 281),
(3, 13, 64, 358),
(3, 13, 65, 344),
(3, 13, 66, 329),
(3, 13, 67, 285),
(3, 13, 68, 290),
(3, 13, 70, 328),
(3, 13, 72, 301),
(3, 13, 74, 301),
(3, 13, 75, 328),
(3, 13, 76, 332),
(3, 13, 77, 312),
(3, 13, 78, 299),
(3, 13, 79, 318),
(3, 13, 80, 280),
(3, 13, 81, 304),
(3, 14, 8, 351),
(3, 14, 10, 282),
(3, 14, 12, 303),
(3, 14, 28, 285),
(3, 14, 32, 337),
(3, 14, 36, 336),
(3, 14, 45, 356),
(3, 15, 52, 315),
(3, 15, 53, 324),
(3, 15, 61, 290),
(3, 15, 62, 352),
(3, 15, 68, 288),
(4, 3, 1, 352),
(4, 3, 2, 415),
(4, 3, 3, 462),
(4, 3, 4, 411),
(4, 3, 5, 420),
(4, 3, 6, 423),
(4, 3, 7, 423),
(4, 3, 8, 384),
(4, 3, 9, 344),
(4, 3, 10, 395),
(4, 3, 11, 350),
(4, 3, 12, 316),
(4, 3, 13, 319),
(4, 3, 14, 338),
(4, 3, 15, 312),
(4, 3, 16, 387),
(4, 3, 17, 393),
(4, 3, 18, 459),
(4, 3, 19, 335),
(4, 3, 20, 375),
(4, 3, 21, 402),
(4, 3, 22, 459),
(4, 3, 23, 331),
(4, 3, 24, 378),
(4, 3, 25, 456),
(4, 7, 1, 301),
(4, 7, 2, 356),
(4, 7, 4, 334),
(4, 7, 5, 320),
(4, 7, 6, 290),
(4, 7, 8, 338),
(4, 7, 9, 306),
(4, 7, 10, 339),
(4, 7, 12, 350),
(4, 7, 13, 329),
(4, 7, 15, 289),
(4, 7, 17, 354),
(4, 7, 18, 290),
(4, 7, 19, 290),
(4, 7, 20, 285),
(4, 7, 22, 293),
(4, 7, 23, 284),
(4, 7, 25, 346),
(4, 7, 26, 359),
(4, 7, 28, 284),
(4, 7, 29, 345),
(4, 7, 32, 283),
(4, 7, 34, 327),
(4, 7, 36, 331),
(4, 7, 37, 349),
(4, 7, 40, 350),
(4, 7, 42, 347),
(4, 7, 43, 330),
(4, 7, 44, 348),
(4, 7, 45, 297),
(4, 7, 46, 352),
(4, 7, 47, 293),
(4, 7, 48, 311),
(4, 7, 51, 306),
(4, 8, 52, 299),
(4, 8, 53, 280),
(4, 8, 55, 296),
(4, 8, 61, 296),
(4, 8, 62, 285),
(4, 8, 65, 299),
(4, 8, 66, 339),
(4, 8, 68, 323),
(4, 8, 75, 353),
(4, 8, 76, 285),
(4, 10, 1, 327),
(4, 10, 2, 313),
(4, 10, 4, 354),
(4, 10, 5, 304),
(4, 10, 6, 342),
(4, 10, 8, 284),
(4, 10, 9, 294),
(4, 10, 10, 340),
(4, 10, 12, 314),
(4, 10, 13, 313),
(4, 10, 15, 326),
(4, 10, 17, 302),
(4, 10, 18, 309),
(4, 10, 19, 288),
(4, 10, 20, 314),
(4, 10, 21, 342),
(4, 10, 22, 297),
(4, 10, 23, 299),
(4, 10, 24, 287),
(4, 10, 25, 351),
(4, 10, 26, 337),
(4, 10, 28, 320),
(4, 10, 29, 294),
(4, 10, 30, 316),
(4, 10, 31, 317),
(4, 10, 32, 359),
(4, 10, 33, 327),
(4, 10, 34, 331),
(4, 10, 35, 349),
(4, 10, 36, 314),
(4, 10, 37, 356),
(4, 10, 39, 354),
(4, 10, 40, 302),
(4, 10, 41, 350),
(4, 10, 42, 330),
(4, 10, 43, 321),
(4, 10, 44, 314),
(4, 10, 45, 306),
(4, 10, 46, 316),
(4, 10, 47, 281),
(4, 10, 48, 358),
(4, 10, 50, 359),
(4, 10, 51, 322),
(4, 12, 52, 308),
(4, 12, 53, 280),
(4, 12, 54, 344),
(4, 12, 55, 324),
(4, 12, 56, 310),
(4, 12, 57, 285),
(4, 12, 59, 349),
(4, 12, 60, 328),
(4, 12, 61, 316),
(4, 12, 62, 330),
(4, 12, 63, 353),
(4, 12, 64, 345),
(4, 12, 65, 330),
(4, 12, 66, 281),
(4, 12, 67, 303),
(4, 12, 68, 312),
(4, 12, 70, 329),
(4, 12, 72, 308),
(4, 12, 74, 358),
(4, 12, 75, 283),
(4, 12, 76, 288),
(4, 12, 77, 331),
(4, 12, 78, 342),
(4, 12, 79, 281),
(4, 12, 80, 290),
(4, 12, 81, 285),
(4, 13, 52, 280),
(4, 13, 53, 359),
(4, 13, 54, 358),
(4, 13, 55, 345),
(4, 13, 56, 291),
(4, 13, 57, 324),
(4, 13, 59, 320),
(4, 13, 60, 321),
(4, 13, 61, 341),
(4, 13, 62, 355),
(4, 13, 63, 296),
(4, 13, 64, 315),
(4, 13, 65, 337),
(4, 13, 66, 322),
(4, 13, 67, 321),
(4, 13, 68, 314),
(4, 13, 70, 340),
(4, 13, 72, 307),
(4, 13, 74, 327),
(4, 13, 75, 359),
(4, 13, 76, 285),
(4, 13, 77, 344),
(4, 13, 78, 336),
(4, 13, 79, 322),
(4, 13, 80, 323),
(4, 13, 81, 333),
(5, 3, 1, 443),
(5, 3, 2, 429),
(5, 3, 3, 278),
(5, 3, 4, 382),
(5, 3, 5, 412),
(5, 3, 6, 333),
(5, 3, 7, 432),
(5, 3, 8, 363),
(5, 3, 9, 332),
(5, 3, 10, 406),
(5, 3, 11, 389),
(5, 3, 12, 432),
(5, 3, 13, 384),
(5, 3, 14, 428),
(5, 3, 15, 432),
(5, 3, 16, 452),
(5, 3, 17, 438),
(5, 3, 18, 276),
(5, 3, 19, 463),
(5, 3, 20, 308),
(5, 3, 21, 273),
(5, 3, 22, 315),
(5, 3, 23, 468),
(5, 3, 24, 305),
(5, 3, 25, 447),
(5, 7, 1, 308),
(5, 7, 2, 316),
(5, 7, 4, 337),
(5, 7, 5, 322),
(5, 7, 6, 290),
(5, 7, 8, 300),
(5, 7, 9, 340),
(5, 7, 10, 332),
(5, 7, 12, 298),
(5, 7, 13, 327),
(5, 7, 15, 345),
(5, 7, 17, 333),
(5, 7, 18, 330),
(5, 7, 19, 323),
(5, 7, 20, 356),
(5, 7, 22, 331),
(5, 7, 23, 352),
(5, 7, 25, 342),
(5, 7, 26, 301),
(5, 7, 28, 347),
(5, 7, 29, 307),
(5, 7, 32, 298),
(5, 7, 34, 306),
(5, 7, 36, 329),
(5, 7, 37, 335),
(5, 7, 40, 315),
(5, 7, 42, 325),
(5, 7, 43, 285),
(5, 7, 44, 301),
(5, 7, 45, 310),
(5, 7, 46, 293),
(5, 7, 47, 333),
(5, 7, 48, 329),
(5, 7, 51, 294),
(5, 12, 52, 320),
(5, 12, 53, 312),
(5, 12, 54, 287),
(5, 12, 55, 343),
(5, 12, 56, 294),
(5, 12, 57, 336),
(5, 12, 59, 292),
(5, 12, 60, 296),
(5, 12, 61, 312),
(5, 12, 62, 288),
(5, 12, 63, 281),
(5, 12, 64, 327),
(5, 12, 65, 288),
(5, 12, 66, 359),
(5, 12, 67, 313),
(5, 12, 68, 297),
(5, 12, 70, 290),
(5, 12, 72, 330),
(5, 12, 74, 283),
(5, 12, 75, 328),
(5, 12, 76, 321),
(5, 12, 77, 355),
(5, 12, 78, 344),
(5, 12, 79, 319),
(5, 12, 80, 330),
(5, 12, 81, 325);

-- --------------------------------------------------------

--
-- Struktura tabeli dla tabeli `zawodnik`
--

CREATE TABLE `zawodnik` (
  `idZawodnika` int(4) NOT NULL,
  `imie` varchar(15) NOT NULL,
  `nazwisko` varchar(30) NOT NULL,
  `plec` enum('M','K') NOT NULL,
  `waga` int(3) NOT NULL,
  `wiek` int(2) NOT NULL,
  `idReprezentacji` int(4) NOT NULL
) ENGINE=InnoDB DEFAULT CHARSET=utf8mb4;

--
-- Zrzut danych tabeli `zawodnik`
--

INSERT INTO `zawodnik` (`idZawodnika`, `imie`, `nazwisko`, `plec`, `waga`, `wiek`, `idReprezentacji`) VALUES
(1, 'Ed', 'Russo', 'M', 86, 39, 1111),
(2, 'Ed', 'Russo', 'M', 74, 28, 1116),
(3, 'Damien', 'Xiong', 'M', 115, 20, 1116),
(4, 'Nicola', 'Washington', 'M', 92, 36, 1118),
(5, 'Muhamed', 'Shepherd', 'M', 93, 22, 1113),
(6, 'Reis', 'Montgomery', 'M', 72, 21, 1113),
(7, 'Can', 'Rice', 'M', 119, 27, 1118),
(8, 'Samir', 'Bates', 'M', 67, 30, 1113),
(9, 'Ibrahim', 'David', 'M', 90, 36, 1113),
(10, 'Marian', 'Rasmussen', 'M', 66, 35, 1115),
(11, 'Diya', 'Cruz', 'M', 117, 24, 1118),
(12, 'Husnain', 'Simpson', 'M', 66, 30, 1117),
(13, 'Malik', 'Williamson', 'M', 74, 24, 1114),
(14, 'Forrest', 'Robin', 'M', 112, 32, 1115),
(15, 'Johnathan', 'Long', 'M', 72, 35, 1117),
(16, 'Raees', 'Moss', 'M', 119, 19, 1113),
(17, 'Amar', 'Dunkley', 'M', 83, 23, 1113),
(18, 'Harvey-Lee', 'Reynolds', 'M', 69, 34, 1114),
(19, 'Dafydd', 'King', 'M', 90, 38, 1116),
(20, 'Spike', 'Humphreys', 'M', 74, 24, 1115),
(21, 'Sullivan', 'Doherty', 'M', 109, 37, 1118),
(22, 'Ismail', 'Hilton', 'M', 72, 22, 1115),
(23, 'Bogdan', 'Page', 'M', 76, 21, 1118),
(24, 'Osian', 'Mcnamara', 'M', 101, 38, 1113),
(25, 'Nikodem', 'Steele', 'M', 68, 28, 1113),
(26, 'Jae', 'Zavala', 'M', 76, 19, 1111),
(27, 'Louis', 'Costa', 'M', 115, 36, 1112),
(28, 'Yisroel', 'Noel', 'M', 60, 23, 1117),
(29, 'Clarence', 'Norton', 'M', 88, 33, 1116),
(30, 'Nick', 'Gutierrez', 'M', 100, 22, 1117),
(31, 'Walid', 'Broughton', 'M', 98, 37, 1112),
(32, 'Rodney', 'Simon', 'M', 67, 20, 1116),
(33, 'Nolan', 'Cherry', 'M', 107, 36, 1112),
(34, 'Mitchell', 'Bloom', 'M', 79, 32, 1112),
(35, 'Adil', 'Delacruz', 'M', 101, 39, 1117),
(36, 'Duncan', 'Cotton', 'M', 61, 19, 1116),
(37, 'Taha', 'Carr', 'M', 76, 24, 1117),
(38, 'Jessie', 'Shepard', 'M', 112, 21, 1112),
(39, 'Pablo', 'Mohammed', 'M', 101, 18, 1116),
(40, 'Shahid', 'Ochoa', 'M', 86, 37, 1115),
(41, 'Kaiser', 'Pemberton', 'M', 104, 35, 1115),
(42, 'Jem', 'Waller', 'M', 70, 29, 1114),
(43, 'Uwais', 'Hamer', 'M', 94, 18, 1117),
(44, 'Donnell', 'Ramirez', 'M', 70, 38, 1117),
(45, 'Shabaz', 'Knights', 'M', 67, 18, 1114),
(46, 'Charlie', 'Gregory', 'M', 91, 23, 1113),
(47, 'Shaurya', 'Espinosa', 'M', 70, 36, 1113),
(48, 'Teodor', 'Barron', 'M', 73, 26, 1114),
(49, 'Axl', 'Hayes', 'M', 113, 19, 1116),
(50, 'Tony', 'Werner', 'M', 99, 27, 1112),
(51, 'Myles', 'Lowry', 'M', 91, 34, 1111),
(52, 'Rahima', 'Morris', 'K', 43, 38, 1117),
(53, 'Adrian', 'Morse', 'K', 46, 38, 1112),
(54, 'Latoya', 'Chapman', 'K', 80, 20, 1114),
(55, 'Romilly', 'Donald', 'K', 61, 29, 1117),
(56, 'Emilie', 'Stott', 'K', 89, 28, 1114),
(57, 'Anum', 'Kent', 'K', 75, 21, 1117),
(58, 'Siena', 'Wyatt', 'K', 93, 19, 1113),
(59, 'Bernadette', 'Marquez', 'K', 87, 33, 1112),
(60, 'Uma', 'Lott', 'K', 65, 19, 1111),
(61, 'Brooklyn', 'Neville', 'K', 46, 36, 1117),
(62, 'Kaitlin', 'Blackwell', 'K', 42, 35, 1115),
(63, 'Milli', 'Little', 'K', 81, 25, 1114),
(64, 'Aamna', 'Coates', 'K', 84, 28, 1114),
(65, 'Imani', 'Yoder', 'K', 57, 19, 1117),
(66, 'Kathy', 'Gibbs', 'K', 54, 39, 1112),
(67, 'Danni', 'Mann', 'K', 80, 35, 1115),
(68, 'Kiana', 'Rosas', 'K', 41, 18, 1112),
(69, 'Yvette', 'Peel', 'K', 94, 25, 1117),
(70, 'Agnes', 'Davis', 'K', 67, 28, 1114),
(71, 'Skylah', 'Villalobos', 'K', 96, 36, 1118),
(72, 'Katie-Louise', 'Burns', 'K', 77, 18, 1116),
(73, 'Dotty', 'Medina', 'K', 99, 26, 1118),
(74, 'Ivy', 'Savage', 'K', 80, 21, 1114),
(75, 'Lyndsey', 'Neill', 'K', 53, 32, 1115),
(76, 'Margot', 'Meza', 'K', 52, 26, 1114),
(77, 'Brandy', 'Aldred', 'K', 81, 29, 1114),
(78, 'Deanna', 'Sweet', 'K', 67, 32, 1114),
(79, 'Rayhan', 'Becker', 'K', 72, 36, 1113),
(80, 'Joy', 'Haines', 'K', 79, 36, 1114),
(81, 'Charmaine', 'Bautista', 'K', 85, 29, 1118);

-- --------------------------------------------------------

--
-- Struktura tabeli dla tabeli `zawody`
--

CREATE TABLE `zawody` (
  `idZawodow` int(4) NOT NULL,
  `data` date NOT NULL,
  `idKategorii` int(4) NOT NULL,
  `idLokalizacji` int(4) NOT NULL
) ENGINE=InnoDB DEFAULT CHARSET=utf8mb4;

--
-- Zrzut danych tabeli `zawody`
--

INSERT INTO `zawody` (`idZawodow`, `data`, `idKategorii`, `idLokalizacji`) VALUES
(1, '2020-05-19', 9, 15),
(2, '2020-09-10', 24, 2),
(3, '2021-02-24', 35, 7),
(4, '2021-05-23', 9, 5),
(5, '2022-01-16', 22, 2),
(6, '1990-06-14', 23, 7),
(7, '1993-07-16', 21, 7),
(8, '1994-09-28', 16, 3),
(9, '1996-04-02', 14, 2),
(10, '2002-02-11', 23, 5),
(11, '2009-03-12', 32, 13),
(12, '2016-05-11', 32, 11),
(13, '2020-02-10', 20, 2),
(14, '2021-08-30', 17, 10),
(15, '2021-12-29', 26, 5);

--
-- Indeksy dla zrzutów tabel
--

--
-- Indeksy dla tabeli `kategoria_zawodow`
--
ALTER TABLE `kategoria_zawodow`
  ADD PRIMARY KEY (`idKategorii`);

--
-- Indeksy dla tabeli `lokalizacja`
--
ALTER TABLE `lokalizacja`
  ADD PRIMARY KEY (`idLokalizacji`),
  ADD KEY `miasto` (`miasto`);

--
-- Indeksy dla tabeli `miasto`
--
ALTER TABLE `miasto`
  ADD PRIMARY KEY (`miasto`);

--
-- Indeksy dla tabeli `proba`
--
ALTER TABLE `proba`
  ADD PRIMARY KEY (`nrProby`,`idZawodow`),
  ADD KEY `idZawodow` (`idZawodow`);

--
-- Indeksy dla tabeli `reprezentacja`
--
ALTER TABLE `reprezentacja`
  ADD PRIMARY KEY (`idReprezentacji`);

--
-- Indeksy dla tabeli `wyniki_koncowe`
--
ALTER TABLE `wyniki_koncowe`
  ADD PRIMARY KEY (`idZawodow`,`idZawodnika`),
  ADD KEY `idZawodnika` (`idZawodnika`);

--
-- Indeksy dla tabeli `wynik_proby`
--
ALTER TABLE `wynik_proby`
  ADD PRIMARY KEY (`nrProby`,`idZawodow`,`idZawodnika`),
  ADD KEY `idZawodow` (`idZawodow`),
  ADD KEY `idZawodnika` (`idZawodnika`);

--
-- Indeksy dla tabeli `zawodnik`
--
ALTER TABLE `zawodnik`
  ADD PRIMARY KEY (`idZawodnika`),
  ADD KEY `idReprezentacji` (`idReprezentacji`);

--
-- Indeksy dla tabeli `zawody`
--
ALTER TABLE `zawody`
  ADD PRIMARY KEY (`idZawodow`),
  ADD KEY `idKategorii` (`idKategorii`,`idLokalizacji`),
  ADD KEY `idLokalizacji` (`idLokalizacji`);

--
-- Ograniczenia dla zrzutów tabel
--

--
-- Ograniczenia dla tabeli `lokalizacja`
--
ALTER TABLE `lokalizacja`
  ADD CONSTRAINT `lokalizacja_ibfk_1` FOREIGN KEY (`miasto`) REFERENCES `miasto` (`miasto`);

--
-- Ograniczenia dla tabeli `proba`
--
ALTER TABLE `proba`
  ADD CONSTRAINT `proba_ibfk_1` FOREIGN KEY (`idZawodow`) REFERENCES `zawody` (`idZawodow`);

--
-- Ograniczenia dla tabeli `wyniki_koncowe`
--
ALTER TABLE `wyniki_koncowe`
  ADD CONSTRAINT `wyniki_koncowe_ibfk_1` FOREIGN KEY (`idZawodow`) REFERENCES `zawody` (`idZawodow`),
  ADD CONSTRAINT `wyniki_koncowe_ibfk_2` FOREIGN KEY (`idZawodnika`) REFERENCES `zawodnik` (`idZawodnika`);

--
-- Ograniczenia dla tabeli `wynik_proby`
--
ALTER TABLE `wynik_proby`
  ADD CONSTRAINT `wynik_proby_ibfk_1` FOREIGN KEY (`idZawodow`) REFERENCES `proba` (`idZawodow`),
  ADD CONSTRAINT `wynik_proby_ibfk_2` FOREIGN KEY (`nrProby`) REFERENCES `proba` (`nrProby`),
  ADD CONSTRAINT `wynik_proby_ibfk_3` FOREIGN KEY (`idZawodnika`) REFERENCES `zawodnik` (`idZawodnika`);

--
-- Ograniczenia dla tabeli `zawodnik`
--
ALTER TABLE `zawodnik`
  ADD CONSTRAINT `zawodnik_ibfk_1` FOREIGN KEY (`idReprezentacji`) REFERENCES `reprezentacja` (`idReprezentacji`);

--
-- Ograniczenia dla tabeli `zawody`
--
ALTER TABLE `zawody`
  ADD CONSTRAINT `zawody_ibfk_1` FOREIGN KEY (`idKategorii`) REFERENCES `kategoria_zawodow` (`idKategorii`),
  ADD CONSTRAINT `zawody_ibfk_2` FOREIGN KEY (`idLokalizacji`) REFERENCES `lokalizacja` (`idLokalizacji`);
COMMIT;

/*!40101 SET CHARACTER_SET_CLIENT=@OLD_CHARACTER_SET_CLIENT */;
/*!40101 SET CHARACTER_SET_RESULTS=@OLD_CHARACTER_SET_RESULTS */;
/*!40101 SET COLLATION_CONNECTION=@OLD_COLLATION_CONNECTION */;
